{"train": {"MCC": 0.6276891121101119}, "validation": {"MCC": 0.47546938008296236}}