{"train": {"Accuracy": 0.9851405622489959}, "validation": {"Accuracy": 0.5776173285198556}}