{"train": {"MCC": 0.9763718231968787}, "validation": {"MCC": 0.521042375798462}}