{"train": {"Accuracy": 0.8642311886586695, "F1": 0.9045611345343043}, "validation": {"Accuracy": 0.821078431372549, "F1": 0.8684684684684685}}