{"train": {"Accuracy": 0.9762813522355507, "F1": 0.9825266117694316}, "validation": {"Accuracy": 0.8553921568627451, "F1": 0.8973913043478261}}