{"train": {"Accuracy": 0.9711484299666804}, "validation": {"Accuracy": 0.8698517298187809}}