{"train": {"Accuracy": 0.9518072289156626}, "validation": {"Accuracy": 0.703971119133574}}