{"train": {"MCC": 0.677143262508924}, "validation": {"MCC": 0.4691032179514943}}