{"train": {"MCC": 0.687256517403006}, "validation": {"MCC": 0.47143760362685355}}