{"train": {"Accuracy": 0.9989094874591058, "F1": 0.9991919191919192}, "validation": {"Accuracy": 0.8529411764705882, "F1": 0.8976109215017065}}