{"train": {"Accuracy": 0.9989094874591058, "F1": 0.9991909385113269}, "validation": {"Accuracy": 0.8627450980392157, "F1": 0.903448275862069}}