{"train": {"Accuracy": 0.9875502008032129}, "validation": {"Accuracy": 0.555956678700361}}