{"train": {"Accuracy": 0.8871319520174482, "F1": 0.9192037470725996}, "validation": {"Accuracy": 0.8186274509803921, "F1": 0.8737201365187713}}