{"train": {"Accuracy": 0.8527808069792803, "F1": 0.8967495219885278}, "validation": {"Accuracy": 0.8308823529411765, "F1": 0.8778761061946903}}