{"train": {"MCC": 0.9828656542965886}, "validation": {"MCC": 0.5005680908642385}}