{"train": {"MCC": 0.7276246513383818}, "validation": {"MCC": 0.5579698341781512}}