{"train": {"Accuracy": 0.9959105779716467, "F1": 0.996965405624115}, "validation": {"Accuracy": 0.8259803921568627, "F1": 0.8760907504363001}}