{"train": {"Accuracy": 0.6445783132530121}, "validation": {"Accuracy": 0.5631768953068592}}