{"train": {"MCC": 0.7013778737479818}, "validation": {"MCC": 0.44158667809088026}}