{"train": {"Accuracy": 0.9562248995983936}, "validation": {"Accuracy": 0.7220216606498195}}