{"train": {"MCC": 0.9854098488680011}, "validation": {"MCC": 0.5797209029083656}}