{"train": {"Accuracy": 0.9945474372955289, "F1": 0.9959546925566343}, "validation": {"Accuracy": 0.8553921568627451, "F1": 0.8981001727115717}}