{"train": {"MCC": 0.9817352296108774}, "validation": {"MCC": 0.4908549322620884}}