{"train": {"Accuracy": 0.9931842966194111, "F1": 0.994958661020367}, "validation": {"Accuracy": 0.8357843137254902, "F1": 0.8842832469775475}}