{"train": {"Accuracy": 0.9986368593238822, "F1": 0.9989896948878562}, "validation": {"Accuracy": 0.8578431372549019, "F1": 0.9011725293132329}}