{"train": {"MCC": 0.6798077037653177}, "validation": {"MCC": 0.5430177264495386}}