{"train": {"Accuracy": 0.5923694779116466}, "validation": {"Accuracy": 0.5703971119133574}}