{"train": {"Accuracy": 0.9940021810250818, "F1": 0.9955519611807522}, "validation": {"Accuracy": 0.8455882352941176, "F1": 0.8926746166950597}}