{"train": {"Accuracy": 0.9704610331955358}, "validation": {"Accuracy": 0.8649093904448105}}