{"train": {"MCC": 0.9817236078197628}, "validation": {"MCC": 0.5917933256968625}}