{"train": {"Accuracy": 0.6469879518072289}, "validation": {"Accuracy": 0.5703971119133574}}