{"train": {"MCC": 0.7364621383086515}, "validation": {"MCC": 0.546236444310664}}