{"train": {"Accuracy": 0.6526104417670683}, "validation": {"Accuracy": 0.5776173285198556}}