{"train": {"Accuracy": 0.9493975903614458}, "validation": {"Accuracy": 0.6931407942238267}}