{"train": {"Accuracy": 0.8444573861737777}, "validation": {"Accuracy": 0.8515467691744463}}