{"train": {"Accuracy": 0.5839357429718876}, "validation": {"Accuracy": 0.5848375451263538}}