{"train": {"Accuracy": 0.9720554118174961}, "validation": {"Accuracy": 0.8764415156507414}}