{"train": {"Accuracy": 0.8498133526822795}, "validation": {"Accuracy": 0.8553908109097565}}