{"train": {"Accuracy": 0.9749182115594329, "F1": 0.981503819863289}, "validation": {"Accuracy": 0.8553921568627451, "F1": 0.8946459412780656}}