{"train": {"Accuracy": 0.5919678714859438}, "validation": {"Accuracy": 0.5884476534296029}}