{"train": {"Accuracy": 0.8474933885796664}, "validation": {"Accuracy": 0.8544755628775398}}