{"train": {"Accuracy": 0.8966739367502726, "F1": 0.9257881339338163}, "validation": {"Accuracy": 0.8259803921568627, "F1": 0.8775510204081632}}