{"train": {"MCC": 0.6864087734313545}, "validation": {"MCC": 0.5711178585424906}}