{"train": {"Accuracy": 0.9986368593238822, "F1": 0.9989888776541962}, "validation": {"Accuracy": 0.8651960784313726, "F1": 0.9069373942470389}}