{"train": {"Accuracy": 0.8399511184518297}, "validation": {"Accuracy": 0.853011166025993}}