{"train": {"Accuracy": 0.5887550200803213}, "validation": {"Accuracy": 0.5667870036101083}}