{"train": {"Accuracy": 0.9743729552889858, "F1": 0.981215027977618}, "validation": {"Accuracy": 0.8578431372549019, "F1": 0.8996539792387543}}