{"train": {"MCC": 0.6731077853718627}, "validation": {"MCC": 0.5416549448511832}}