{"train": {"Accuracy": 0.6453815261044177}, "validation": {"Accuracy": 0.5703971119133574}}