{"train": {"Accuracy": 0.9716466739367503, "F1": 0.9792166266986411}, "validation": {"Accuracy": 0.8700980392156863, "F1": 0.9055258467023173}}