{"train": {"Accuracy": 0.9995983935742971}, "validation": {"Accuracy": 0.6787003610108303}}