{"train": {"Accuracy": 0.9679214840132515}, "validation": {"Accuracy": 0.866739886509244}}