{"train": {"MCC": 0.9758199074717805}, "validation": {"MCC": 0.4663572773795886}}