{"train": {"MCC": 0.6776105270325347}, "validation": {"MCC": 0.4522326299878879}}