{"train": {"Accuracy": 0.9721986194781513}, "validation": {"Accuracy": 0.8660076880834706}}