{"train": {"Accuracy": 0.9721919302071974, "F1": 0.9796650717703349}, "validation": {"Accuracy": 0.8431372549019608, "F1": 0.8929765886287625}}