{"train": {"Accuracy": 0.98714859437751}, "validation": {"Accuracy": 0.5523465703971119}}