{"train": {"MCC": 0.9851019495913907}, "validation": {"MCC": 0.5922529130736769}}