{"train": {"MCC": 0.9791869862235776}, "validation": {"MCC": 0.49038894064526567}}