{"train": {"MCC": 0.9848188848065087}, "validation": {"MCC": 0.5796941781913538}}