{"train": {"Accuracy": 0.6510040160642571}, "validation": {"Accuracy": 0.5595667870036101}}