{"train": {"Accuracy": 0.9995983935742971}, "validation": {"Accuracy": 0.6028880866425993}}