{"train": {"Accuracy": 0.9983642311886587, "F1": 0.9987883683360258}, "validation": {"Accuracy": 0.8823529411764706, "F1": 0.916083916083916}}