{"train": {"Accuracy": 0.995092693565976, "F1": 0.9963577498988264}, "validation": {"Accuracy": 0.8333333333333334, "F1": 0.8835616438356164}}