{"train": {"Accuracy": 0.8647764449291166, "F1": 0.9067669172932331}, "validation": {"Accuracy": 0.8161764705882353, "F1": 0.8772504091653028}}