{"train": {"Accuracy": 0.9791164658634538}, "validation": {"Accuracy": 0.555956678700361}}