{"train": {"Accuracy": 0.8457558022970508}, "validation": {"Accuracy": 0.8520959179937763}}