{"train": {"Accuracy": 0.9465863453815261}, "validation": {"Accuracy": 0.6967509025270758}}