{"train": {"MCC": 0.9836936073890039}, "validation": {"MCC": 0.5970998520092551}}