{"train": {"Accuracy": 0.9449799196787149}, "validation": {"Accuracy": 0.7111913357400722}}